Date,Region,Product,Customer_Segment,Revenue,Units_Sold,Profit,Customer_ID
2024-11-23,North,Product A,Basic,99.1,15,18.32,1001
2024-02-22,International,Product A,Basic,126.91,2,22.01,1002
2024-04-29,International,Product E,Premium,1005.44,46,314.17,1003
2024-10-06,West,Product B,Standard,378.25,1,128.49,1004
2024-03-22,West,Product C,Standard,323.53,49,75.75,1005
2024-02-17,West,Product A,Standard,439.7,39,95.03,1006
2024-01-23,West,Product E,Premium,817.87,25,138.79,1007
2024-05-30,International,Product C,Basic,157.72,5,25.46,1008
2024-04-26,East,Product A,Premium,1202.02,25,263.84,1009
2024-11-21,East,Product B,Standard,280.89,43,60.88,1010
2024-12-15,North,Product E,Basic,86.08,47,18.18,1011
2024-08-24,West,Product C,Basic,203.85,15,65.47,1012
2024-01-29,South,Product A,Standard,290.4,5,58.88,1013
2024-10-17,East,Product B,Basic,133.81,42,35.42,1014
2024-05-15,South,Product B,Basic,206.54,17,69.55,1015
2024-08-07,International,Product D,Standard,392.62,9,108.91,1016
2024-02-16,North,Product A,Premium,774.66,44,197.96,1017
2024-02-02,West,Product D,Basic,178.15,34,37.92,1018
2024-10-10,North,Product A,Basic,168.22,49,36.45,1019
2024-11-24,East,Product A,Standard,297.36,30,44.85,1020
2024-05-14,International,Product B,Basic,253.0,41,56.83,1021
2024-11-23,International,Product E,Premium,477.86,49,90.98,1022
2024-09-28,North,Product E,Standard,416.81,8,159.34,1023
2024-06-06,South,Product A,Premium,1367.19,6,234.35,1024
2024-09-05,North,Product E,Premium,631.9,31,244.36,1025
2024-03-25,East,Product E,Basic,149.43,14,57.12,1026
2024-12-19,South,Product C,Standard,391.05,42,95.16,1027
2024-09-21,West,Product A,Premium,685.83,22,106.48,1028
2024-10-10,South,Product E,Premium,479.42,46,147.55,1029
2024-04-27,North,Product A,Standard,344.82,16,75.73,1030
2024-09-05,South,Product E,Premium,965.08,37,283.78,1031
2024-05-04,West,Product D,Premium,772.04,43,199.0,1032
2024-08-04,West,Product D,Basic,127.29,42,50.41,1033
2024-02-20,North,Product D,Basic,119.53,7,25.36,1034
2024-04-07,International,Product D,Premium,915.69,18,243.26,1035
2024-02-08,West,Product E,Premium,500.08,35,179.53,1036
2024-02-17,South,Product B,Standard,353.58,14,129.47,1037
2024-01-31,South,Product D,Premium,822.93,17,314.05,1038
2024-08-20,East,Product D,Basic,236.35,36,74.56,1039
2024-09-06,South,Product B,Standard,340.96,4,100.51,1040
2024-10-04,North,Product C,Premium,499.87,31,137.82,1041
2024-09-28,South,Product A,Basic,113.41,12,18.95,1042
2024-02-04,South,Product D,Premium,924.2,37,195.52,1043
2024-10-31,North,Product E,Premium,675.55,38,196.79,1044
2024-06-10,East,Product B,Basic,234.26,16,50.69,1045
2024-03-08,East,Product D,Standard,540.13,5,82.28,1046
2024-11-14,International,Product A,Premium,637.36,33,137.86,1047
2024-06-27,North,Product B,Standard,467.74,29,167.65,1048
2024-12-26,East,Product E,Basic,112.38,43,39.81,1049
2024-06-02,North,Product B,Standard,406.02,7,136.26,1050
2024-03-20,East,Product C,Basic,127.12,22,25.54,1051
2024-11-20,East,Product E,Standard,259.3,4,44.88,1052
2024-08-04,East,Product A,Premium,858.81,9,265.61,1053
2024-05-14,South,Product D,Basic,225.63,36,34.39,1054
2024-02-08,South,Product E,Premium,873.27,38,251.62,1055
2024-08-08,South,Product A,Standard,439.42,3,164.66,1056
2024-04-17,South,Product A,Standard,573.2,27,225.53,1057
2024-03-20,South,Product B,Premium,1053.59,2,205.28,1058
2024-06-19,West,Product B,Standard,421.95,45,74.7,1059
2024-01-20,West,Product B,Premium,752.99,30,178.77,1060
2024-04-26,South,Product A,Basic,144.07,22,31.65,1061
2024-02-05,East,Product C,Basic,134.71,44,53.25,1062
2024-10-01,East,Product A,Premium,893.47,17,173.91,1063
2024-05-15,North,Product A,Basic,189.76,47,65.77,1064
2024-08-11,International,Product E,Premium,892.07,37,176.2,1065
2024-01-23,West,Product A,Basic,149.66,35,48.15,1066
2024-12-09,South,Product C,Standard,209.71,43,79.73,1067
2024-11-15,East,Product A,Basic,147.67,33,33.57,1068
2024-07-28,East,Product D,Basic,171.39,9,33.93,1069
2024-12-06,West,Product B,Basic,115.33,26,33.1,1070
2024-01-01,East,Product C,Premium,592.7,38,178.8,1071
2024-06-13,West,Product D,Standard,609.93,33,163.64,1072
2024-03-27,North,Product C,Basic,174.7,40,40.84,1073
2024-04-30,East,Product B,Premium,738.9,3,156.06,1074
2024-08-31,International,Product A,Standard,455.45,41,133.86,1075
2024-12-22,West,Product D,Standard,243.82,42,78.49,1076
2024-02-24,West,Product B,Premium,858.76,45,240.01,1077
2024-01-26,International,Product B,Premium,603.71,30,191.31,1078
2024-10-13,International,Product C,Standard,383.81,47,143.16,1079
2024-08-06,International,Product D,Premium,1122.91,31,294.78,1080
2024-05-06,East,Product E,Standard,573.83,18,149.18,1081
2024-05-26,South,Product C,Standard,465.52,35,79.21,1082
2024-03-18,South,Product D,Basic,121.04,14,20.1,1083
2024-07-27,East,Product E,Standard,499.41,14,178.9,1084
2024-07-18,International,Product A,Basic,182.6,1,70.43,1085
2024-06-01,West,Product D,Basic,238.54,35,83.48,1086
2024-04-22,West,Product B,Standard,462.34,2,114.3,1087
2024-12-08,West,Product B,Standard,376.23,40,106.67,1088
2024-07-20,International,Product E,Basic,135.86,42,34.94,1089
2024-08-24,South,Product A,Standard,444.07,14,117.09,1090
2024-06-21,West,Product C,Standard,455.83,6,121.97,1091
2024-10-03,North,Product C,Premium,785.47,50,305.8,1092
2024-01-21,North,Product B,Premium,762.37,40,143.4,1093
2024-03-05,West,Product A,Basic,204.51,30,66.44,1094
2024-07-07,South,Product E,Basic,259.76,46,46.4,1095
2024-03-24,East,Product A,Basic,107.7,20,31.66,1096
2024-07-11,West,Product B,Premium,1123.21,41,236.67,1097
2024-12-22,East,Product E,Premium,704.12,37,243.39,1098
2024-06-26,International,Product D,Basic,187.08,33,58.35,1099
2024-01-07,West,Product D,Premium,594.21,24,183.55,1100
2024-08-23,South,Product D,Premium,1116.56,42,242.87,1101
2024-10-02,West,Product D,Standard,434.52,38,94.33,1102
2024-05-05,North,Product C,Standard,438.77,30,128.32,1103
2024-12-08,West,Product C,Premium,585.77,21,114.49,1104
2024-04-18,East,Product C,Standard,412.05,39,134.04,1105
2024-05-21,International,Product A,Basic,257.69,6,54.2,1106
2024-07-27,West,Product E,Premium,1192.71,42,391.16,1107
2024-08-17,North,Product A,Standard,393.35,45,82.93,1108
2024-12-05,International,Product C,Standard,304.48,23,78.06,1109
2024-10-08,East,Product C,Basic,129.75,20,27.62,1110
2024-03-02,South,Product C,Premium,976.01,49,314.8,1111
2024-04-08,South,Product D,Standard,555.32,49,156.13,1112
2024-05-24,North,Product B,Standard,432.99,12,97.67,1113
2024-12-28,International,Product B,Standard,204.92,4,59.09,1114
2024-12-23,South,Product D,Premium,734.11,37,162.3,1115
2024-09-02,West,Product C,Premium,1100.68,17,424.05,1116
2024-09-01,North,Product A,Standard,417.69,37,128.38,1117
2024-01-28,South,Product B,Basic,151.49,6,60.37,1118
2024-03-01,International,Product D,Basic,167.59,40,34.59,1119
2024-09-24,West,Product D,Standard,363.26,38,144.4,1120
2024-06-05,International,Product E,Premium,1171.81,48,204.84,1121
2024-04-16,South,Product C,Basic,130.55,16,25.26,1122
2024-02-08,South,Product A,Standard,345.22,39,92.34,1123
2024-01-17,South,Product C,Basic,99.69,30,16.73,1124
2024-04-29,East,Product E,Basic,217.82,13,55.82,1125
2024-10-05,South,Product B,Standard,434.74,5,71.69,1126
2024-06-06,International,Product E,Standard,523.85,30,168.77,1127
2024-12-24,West,Product C,Basic,113.19,29,19.25,1128
2024-01-21,West,Product C,Basic,97.18,6,20.14,1129
2024-12-11,International,Product E,Premium,783.83,44,278.54,1130
2024-10-22,North,Product B,Standard,361.51,29,137.02,1131
2024-04-02,International,Product D,Basic,219.07,6,58.6,1132
2024-07-28,East,Product C,Basic,146.12,11,33.97,1133
2024-12-21,West,Product C,Basic,142.97,49,41.11,1134
2024-08-20,North,Product C,Standard,426.09,50,106.97,1135
2024-09-20,North,Product E,Standard,395.71,13,110.64,1136
2024-11-14,West,Product D,Premium,498.88,36,91.17,1137
2024-05-27,West,Product D,Premium,725.86,41,219.37,1138
2024-05-02,South,Product C,Basic,134.09,27,23.24,1139
2024-02-28,West,Product A,Basic,163.52,32,62.65,1140
2024-05-29,International,Product C,Standard,647.19,31,136.51,1141
2024-10-09,South,Product D,Premium,914.81,33,307.9,1142
2024-03-10,North,Product C,Standard,375.17,33,81.33,1143
2024-01-02,East,Product C,Basic,122.79,43,33.45,1144
2024-03-17,West,Product E,Standard,376.63,36,128.32,1145
2024-07-12,West,Product C,Premium,1397.42,16,409.37,1146
2024-04-29,West,Product A,Standard,561.8,46,212.56,1147
2024-07-14,West,Product B,Standard,693.08,9,190.99,1148
2024-10-29,East,Product A,Standard,261.73,30,40.26,1149
2024-03-14,West,Product B,Premium,822.91,17,193.09,1150
2024-12-20,West,Product A,Standard,363.06,35,88.95,1151
2024-06-11,West,Product E,Premium,1177.51,16,362.43,1152
2024-05-27,South,Product A,Standard,697.85,49,215.24,1153
2024-02-21,West,Product B,Basic,115.98,2,18.73,1154
2024-01-29,East,Product C,Standard,296.52,16,83.85,1155
2024-10-16,South,Product B,Premium,513.59,25,156.61,1156
2024-05-03,West,Product E,Premium,869.3,41,185.59,1157
2024-05-10,North,Product D,Standard,591.77,11,99.69,1158
2024-06-25,International,Product C,Basic,267.82,45,56.92,1159
2024-06-03,South,Product D,Standard,402.82,25,118.02,1160
2024-10-21,East,Product C,Premium,941.5,43,234.39,1161
2024-01-05,International,Product A,Basic,135.64,19,46.65,1162
2024-04-27,International,Product C,Premium,1053.98,40,224.14,1163
2024-12-03,South,Product A,Basic,121.01,20,42.01,1164
2024-01-18,International,Product C,Basic,87.93,19,20.37,1165
2024-07-31,South,Product B,Premium,1260.37,24,356.32,1166
2024-05-19,South,Product C,Standard,693.99,19,233.62,1167
2024-06-22,North,Product D,Premium,830.47,15,303.15,1168
2024-12-11,West,Product E,Standard,213.7,26,32.8,1169
2024-10-01,North,Product D,Standard,398.13,44,85.81,1170
2024-07-14,East,Product A,Basic,163.21,2,49.76,1171
2024-10-14,East,Product E,Premium,784.28,41,279.18,1172
2024-12-24,East,Product D,Premium,446.79,3,101.02,1173
2024-09-09,North,Product A,Premium,1056.87,9,261.22,1174
2024-07-08,International,Product D,Basic,230.47,10,85.59,1175
2024-12-01,North,Product D,Basic,103.5,18,16.37,1176
2024-07-08,South,Product D,Standard,688.05,24,120.3,1177
2024-12-17,East,Product E,Basic,99.86,26,21.87,1178
2024-03-03,West,Product A,Basic,127.27,41,38.09,1179
2024-01-11,North,Product C,Premium,824.38,37,165.95,1180
2024-10-10,South,Product E,Premium,863.01,15,200.34,1181
2024-03-16,International,Product A,Standard,520.35,10,206.52,1182
2024-10-03,East,Product B,Premium,790.66,2,144.65,1183
2024-07-02,South,Product E,Standard,358.31,17,58.44,1184
2024-08-03,International,Product A,Basic,128.42,29,44.24,1185
2024-09-19,International,Product A,Standard,421.07,40,67.73,1186
2024-12-03,International,Product C,Standard,322.09,2,53.21,1187
2024-09-02,West,Product D,Basic,116.34,46,43.91,1188
2024-02-07,North,Product C,Basic,102.49,9,22.42,1189
2024-11-20,International,Product E,Basic,102.99,39,29.11,1190
2024-08-20,International,Product E,Standard,353.94,45,63.21,1191
2024-12-01,International,Product B,Standard,284.5,15,72.11,1192
2024-08-20,West,Product D,Basic,132.23,28,30.17,1193
2024-05-10,East,Product B,Basic,254.37,5,43.96,1194
2024-02-13,North,Product D,Premium,830.42,24,293.09,1195
2024-10-11,North,Product E,Basic,139.38,43,25.17,1196
2024-06-30,West,Product A,Standard,582.55,23,102.47,1197
2024-09-16,South,Product B,Basic,155.63,7,36.97,1198
2024-10-11,East,Product A,Standard,374.64,28,135.35,1199
2024-11-14,International,Product E,Premium,666.94,43,238.34,1200
2024-05-16,North,Product B,Standard,600.62,20,228.47,1201
2024-06-28,North,Product B,Premium,1140.28,26,190.88,1202
2024-11-20,North,Product A,Basic,118.95,25,30.33,1203
2024-06-23,South,Product C,Standard,626.66,50,241.48,1204
2024-11-01,North,Product A,Premium,479.76,40,77.93,1205
2024-02-11,East,Product D,Basic,127.09,39,33.11,1206
2024-05-19,South,Product E,Premium,949.01,8,209.55,1207
2024-12-13,International,Product D,Basic,122.53,3,25.13,1208
2024-11-02,North,Product A,Premium,539.45,14,184.4,1209
2024-05-10,East,Product C,Premium,710.95,48,183.19,1210
2024-03-07,West,Product E,Basic,129.16,36,46.28,1211
2024-06-30,North,Product D,Basic,142.27,2,37.69,1212
2024-02-09,East,Product E,Standard,374.47,46,116.1,1213
2024-05-28,North,Product D,Premium,1387.14,11,485.96,1214
2024-11-12,West,Product C,Premium,595.53,7,125.56,1215
2024-10-28,West,Product E,Premium,664.38,20,223.53,1216
2024-04-23,East,Product B,Premium,972.75,8,274.95,1217
2024-04-09,East,Product C,Basic,236.46,42,83.65,1218
2024-04-30,North,Product B,Standard,385.52,39,72.56,1219
2024-12-01,North,Product B,Basic,109.82,49,31.95,1220
2024-10-23,West,Product E,Basic,145.95,40,33.69,1221
2024-11-17,East,Product B,Standard,221.41,29,68.16,1222
2024-05-20,International,Product A,Standard,531.71,20,141.13,1223
2024-01-20,North,Product C,Standard,223.16,6,67.79,1224
2024-09-16,West,Product D,Basic,163.2,48,61.03,1225
2024-08-18,International,Product B,Standard,516.81,33,97.01,1226
2024-02-01,West,Product A,Standard,471.81,6,130.28,1227
2024-03-29,North,Product B,Basic,150.96,29,42.42,1228
2024-11-08,South,Product C,Standard,397.5,25,100.25,1229
2024-06-22,International,Product A,Basic,224.86,5,52.26,1230
2024-10-12,West,Product C,Standard,410.25,43,160.45,1231
2024-11-04,South,Product C,Premium,656.06,10,248.77,1232
2024-06-07,West,Product B,Basic,233.26,6,53.04,1233
2024-07-11,East,Product B,Basic,225.25,48,89.94,1234
2024-09-26,North,Product D,Basic,142.99,24,32.49,1235
2024-04-19,East,Product D,Premium,789.89,9,149.08,1236
2024-05-31,North,Product E,Basic,242.75,34,38.7,1237
2024-06-21,International,Product B,Basic,187.92,11,36.68,1238
2024-12-20,International,Product B,Basic,105.67,27,25.47,1239
2024-05-01,West,Product E,Standard,618.15,29,128.88,1240
2024-05-02,East,Product D,Premium,965.0,37,382.25,1241
2024-08-24,East,Product D,Basic,184.44,11,65.33,1242
2024-11-05,South,Product C,Premium,680.28,24,196.35,1243
2024-02-22,International,Product A,Standard,257.96,11,56.29,1244
2024-09-19,South,Product D,Premium,1089.99,15,386.05,1245
2024-06-27,North,Product D,Premium,1016.62,24,212.42,1246
2024-02-11,East,Product B,Premium,627.69,7,225.84,1247
2024-11-28,East,Product B,Premium,430.38,31,139.45,1248
2024-03-12,West,Product D,Basic,105.55,6,16.33,1249
2024-04-20,South,Product E,Basic,194.27,28,34.54,1250
2024-05-27,South,Product C,Premium,739.18,27,228.95,1251
2024-11-14,West,Product A,Premium,761.32,32,227.78,1252
2024-01-09,International,Product E,Premium,712.35,19,183.29,1253
2024-11-10,East,Product B,Basic,110.1,43,34.91,1254
2024-09-25,East,Product A,Basic,162.13,33,46.78,1255
2024-07-18,West,Product A,Basic,183.46,24,39.15,1256
2024-01-09,East,Product A,Standard,257.23,43,78.99,1257
2024-10-24,East,Product B,Premium,643.69,22,227.47,1258
2024-03-30,West,Product D,Basic,124.14,9,20.58,1259
2024-08-22,North,Product C,Premium,672.21,13,249.69,1260
2024-06-10,East,Product E,Standard,724.04,35,194.3,1261
2024-01-19,South,Product C,Standard,385.94,4,141.43,1262
2024-06-18,East,Product A,Standard,523.05,26,175.65,1263
2024-07-16,East,Product B,Standard,596.87,24,227.45,1264
2024-09-22,East,Product A,Basic,149.57,28,44.96,1265
2024-04-02,International,Product C,Standard,355.04,21,111.92,1266
2024-06-05,West,Product E,Basic,194.66,45,50.8,1267
2024-08-16,North,Product C,Basic,241.28,18,74.76,1268
2024-01-30,North,Product D,Standard,313.59,48,100.3,1269
2024-01-16,South,Product E,Basic,138.44,3,25.13,1270
2024-04-30,East,Product C,Standard,627.73,3,189.12,1271
2024-12-13,West,Product C,Standard,283.01,5,83.06,1272
2024-09-28,East,Product D,Standard,461.88,16,180.19,1273
2024-01-14,South,Product D,Basic,107.8,36,19.34,1274
2024-05-13,West,Product B,Basic,170.06,32,34.02,1275
2024-03-10,North,Product D,Premium,1063.26,29,424.58,1276
2024-12-15,East,Product C,Basic,78.27,35,17.42,1277
2024-06-02,South,Product B,Standard,549.19,8,217.63,1278
2024-03-12,South,Product D,Premium,762.1,37,184.6,1279
2024-10-09,South,Product E,Premium,507.3,26,202.87,1280
2024-09-02,International,Product D,Standard,510.54,5,92.58,1281
2024-06-11,North,Product D,Standard,611.56,23,111.36,1282
2024-10-09,International,Product B,Premium,681.93,4,244.03,1283
2024-09-22,South,Product C,Premium,650.7,46,134.28,1284
2024-09-22,East,Product A,Standard,334.96,36,73.23,1285
2024-11-16,East,Product E,Basic,84.98,42,16.33,1286
2024-10-24,South,Product B,Basic,144.98,39,33.98,1287
2024-10-15,North,Product A,Premium,497.64,42,170.57,1288
2024-05-15,South,Product E,Standard,570.78,2,156.68,1289
2024-11-17,International,Product C,Basic,152.07,31,32.12,1290
2024-12-16,West,Product C,Standard,210.3,4,39.86,1291
2024-07-31,West,Product D,Premium,945.5,10,215.71,1292
2024-06-12,East,Product D,Premium,1281.76,33,372.24,1293
2024-06-12,South,Product D,Premium,922.72,16,170.91,1294
2024-01-26,East,Product D,Basic,110.22,11,38.95,1295
2024-10-22,East,Product B,Premium,713.17,33,190.21,1296
2024-06-06,West,Product A,Premium,1416.13,33,374.29,1297
2024-05-03,South,Product E,Standard,369.91,19,101.25,1298
2024-11-30,West,Product C,Basic,78.36,7,20.2,1299
2024-05-15,East,Product D,Standard,368.71,4,107.87,1300
2024-04-09,East,Product E,Standard,345.68,33,90.77,1301
2024-10-08,East,Product E,Basic,143.79,9,56.62,1302
2024-07-20,East,Product C,Basic,256.48,49,47.72,1303
2024-11-04,International,Product D,Basic,80.85,3,14.9,1304
2024-06-19,West,Product E,Standard,418.21,33,77.35,1305
2024-11-09,East,Product B,Standard,412.56,48,148.79,1306
2024-10-30,East,Product E,Basic,136.76,46,39.76,1307
2024-08-31,North,Product C,Standard,538.97,27,159.49,1308
2024-12-18,North,Product E,Standard,248.04,42,85.75,1309
2024-10-23,International,Product B,Basic,93.83,31,18.07,1310
2024-11-18,International,Product D,Premium,755.09,16,119.22,1311
2024-12-24,North,Product B,Premium,564.89,27,106.12,1312
2024-12-19,South,Product D,Basic,130.46,31,48.04,1313
2024-02-01,South,Product E,Premium,742.98,43,200.3,1314
2024-07-11,East,Product B,Standard,674.49,22,193.29,1315
2024-12-12,East,Product E,Standard,233.68,16,51.35,1316
2024-06-01,South,Product C,Standard,620.58,45,202.46,1317
2024-06-11,West,Product C,Basic,263.95,47,57.64,1318
2024-03-03,International,Product E,Standard,530.81,26,188.22,1319
2024-03-15,East,Product A,Standard,547.49,6,129.53,1320
2024-08-14,East,Product D,Premium,774.13,35,168.59,1321
2024-10-14,East,Product B,Premium,769.06,38,161.36,1322
2024-01-26,International,Product B,Basic,95.82,7,24.27,1323
2024-08-29,North,Product B,Premium,1265.15,11,318.47,1324
2024-08-31,West,Product B,Standard,425.42,42,70.11,1325
2024-02-15,International,Product B,Basic,155.18,3,58.71,1326
2024-03-30,West,Product B,Premium,1118.42,26,388.08,1327
2024-04-05,East,Product A,Premium,836.16,39,147.85,1328
2024-06-20,East,Product D,Basic,210.66,32,78.43,1329
2024-03-09,International,Product D,Standard,333.99,8,77.71,1330
2024-08-22,East,Product B,Premium,1118.38,19,326.51,1331
2024-04-08,South,Product E,Basic,229.07,28,63.87,1332
2024-02-14,West,Product A,Premium,943.28,31,217.8,1333
2024-05-07,North,Product C,Standard,435.83,49,94.47,1334
2024-06-17,East,Product E,Basic,214.7,17,67.29,1335
2024-12-20,South,Product A,Basic,82.19,20,15.61,1336
2024-12-17,International,Product C,Basic,82.13,19,19.87,1337
2024-04-23,South,Product B,Standard,371.33,48,147.5,1338
2024-07-10,West,Product E,Standard,619.9,43,220.93,1339
2024-05-06,International,Product A,Basic,191.38,46,46.02,1340
2024-10-15,North,Product A,Basic,169.83,13,49.79,1341
2024-03-17,South,Product C,Basic,151.39,44,30.48,1342
2024-10-25,West,Product A,Basic,129.01,4,33.98,1343
2024-09-19,West,Product D,Basic,111.06,30,35.34,1344
2024-06-06,North,Product D,Standard,661.19,48,135.2,1345
2024-02-07,North,Product D,Standard,404.69,35,161.28,1346
2024-02-05,West,Product A,Standard,335.31,50,61.65,1347
2024-11-24,West,Product C,Standard,300.21,25,73.22,1348
2024-12-15,International,Product B,Basic,136.73,8,26.61,1349
2024-10-02,West,Product E,Premium,822.46,15,295.02,1350
2024-01-12,East,Product D,Basic,133.61,28,37.81,1351
2024-04-27,South,Product D,Standard,371.95,13,142.96,1352
2024-02-27,North,Product D,Basic,157.62,2,33.13,1353
2024-02-04,North,Product E,Premium,688.51,44,224.33,1354
2024-01-25,South,Product A,Standard,298.23,35,60.93,1355
2024-01-29,South,Product E,Standard,255.78,47,75.21,1356
2024-10-22,International,Product C,Premium,619.64,10,245.64,1357
2024-09-23,South,Product D,Standard,357.04,36,138.22,1358
2024-03-30,West,Product E,Standard,293.13,23,112.97,1359
2024-12-09,West,Product E,Standard,332.48,27,62.27,1360
2024-07-11,South,Product E,Standard,437.75,15,98.57,1361
2024-12-28,South,Product D,Premium,612.46,27,177.2,1362
2024-03-09,West,Product B,Standard,336.93,42,57.2,1363
2024-08-18,East,Product A,Basic,208.24,13,33.92,1364
2024-07-12,International,Product E,Premium,1321.82,13,464.17,1365
2024-10-27,International,Product B,Standard,287.72,22,64.97,1366
2024-01-08,South,Product B,Basic,86.84,49,23.42,1367
2024-05-04,International,Product B,Standard,675.55,36,155.65,1368
2024-05-24,West,Product D,Basic,218.09,20,46.97,1369
2024-09-19,West,Product D,Premium,1009.58,47,269.93,1370
2024-06-12,South,Product C,Standard,514.67,37,188.38,1371
2024-03-15,North,Product C,Basic,203.15,38,67.04,1372
2024-05-31,South,Product B,Standard,433.88,37,155.48,1373
2024-09-12,International,Product C,Standard,493.74,32,193.36,1374
2024-11-24,West,Product D,Premium,718.25,23,138.13,1375
2024-10-06,West,Product B,Basic,177.64,4,49.91,1376
2024-02-08,North,Product A,Standard,270.72,41,56.27,1377
2024-12-28,South,Product A,Premium,590.25,24,97.46,1378
2024-11-22,International,Product D,Basic,115.64,1,32.73,1379
2024-07-29,North,Product A,Basic,227.81,35,89.84,1380
2024-01-09,International,Product D,Premium,458.87,7,128.99,1381
2024-05-03,South,Product E,Basic,165.67,23,35.92,1382
2024-07-22,North,Product C,Standard,514.66,16,204.61,1383
2024-04-25,East,Product A,Basic,240.49,42,81.74,1384
2024-02-17,West,Product D,Standard,369.54,4,114.26,1385
2024-12-25,South,Product A,Standard,361.68,42,125.18,1386
2024-10-16,North,Product E,Premium,585.37,45,217.69,1387
2024-08-31,East,Product A,Premium,1084.77,18,406.6,1388
2024-10-15,North,Product B,Standard,241.73,14,71.74,1389
2024-12-30,West,Product A,Standard,227.84,16,66.45,1390
2024-07-18,International,Product C,Standard,619.28,9,215.28,1391
2024-12-18,North,Product E,Basic,145.11,4,25.31,1392
2024-04-28,North,Product C,Basic,213.61,39,53.23,1393
2024-06-16,North,Product C,Standard,542.58,23,156.4,1394
2024-07-11,West,Product B,Basic,209.78,25,35.96,1395
2024-11-12,East,Product B,Basic,83.43,18,15.73,1396
2024-12-30,South,Product D,Standard,266.7,6,40.35,1397
2024-06-06,West,Product C,Standard,401.21,6,78.98,1398
2024-08-17,International,Product E,Basic,170.02,2,29.31,1399
2024-10-10,North,Product E,Basic,159.26,25,24.38,1400
2024-07-30,West,Product A,Basic,251.48,16,73.68,1401
2024-03-27,West,Product B,Premium,710.59,18,194.19,1402
2024-02-02,South,Product D,Standard,338.22,31,116.91,1403
2024-07-03,East,Product B,Basic,214.96,39,65.38,1404
2024-08-22,North,Product B,Standard,324.18,26,75.55,1405
2024-11-13,West,Product C,Standard,276.63,42,108.87,1406
2024-03-10,East,Product C,Basic,204.46,13,55.15,1407
2024-03-31,West,Product C,Standard,485.76,41,132.49,1408
2024-10-21,South,Product C,Standard,304.71,26,73.51,1409
2024-10-15,South,Product E,Basic,105.31,50,30.28,1410
2024-08-24,South,Product D,Standard,589.67,5,209.18,1411
2024-07-28,West,Product B,Basic,172.34,17,54.23,1412
2024-08-04,West,Product A,Standard,641.01,31,189.46,1413
2024-09-30,International,Product D,Basic,108.86,24,35.42,1414
2024-10-01,International,Product A,Premium,842.02,43,266.22,1415
2024-03-26,International,Product A,Basic,208.28,44,64.92,1416
2024-06-18,West,Product A,Premium,799.79,15,222.08,1417
2024-09-22,International,Product E,Basic,165.4,29,40.28,1418
2024-08-25,International,Product E,Premium,866.16,2,234.46,1419
2024-05-31,West,Product A,Premium,1291.98,47,239.56,1420
2024-06-08,East,Product D,Premium,1107.37,23,297.93,1421
2024-08-12,West,Product C,Premium,837.37,46,149.7,1422
2024-06-24,North,Product B,Basic,169.79,12,48.9,1423
2024-06-18,International,Product D,Standard,448.4,26,137.86,1424
2024-04-05,West,Product D,Premium,1118.88,13,293.59,1425
2024-08-07,West,Product A,Basic,146.69,18,49.59,1426
2024-02-02,International,Product A,Basic,105.94,21,21.11,1427
2024-02-28,East,Product D,Basic,175.46,21,52.51,1428
2024-11-08,West,Product E,Premium,558.73,30,170.04,1429
2024-12-10,East,Product E,Basic,79.73,9,18.2,1430
2024-05-02,East,Product A,Premium,968.86,10,269.06,1431
2024-08-02,International,Product B,Basic,167.08,12,45.39,1432
2024-10-02,South,Product E,Premium,709.07,9,139.53,1433
2024-08-18,International,Product A,Standard,628.49,32,115.73,1434
2024-07-15,International,Product E,Basic,197.75,44,53.97,1435
2024-12-29,West,Product D,Premium,424.41,2,148.11,1436
2024-04-22,East,Product A,Standard,394.4,19,75.75,1437
2024-08-22,International,Product D,Basic,182.43,37,32.57,1438
2024-10-05,East,Product E,Premium,837.76,29,240.09,1439
2024-08-05,North,Product B,Standard,603.69,3,158.43,1440
2024-06-27,North,Product D,Premium,1292.66,16,261.72,1441
2024-10-28,East,Product E,Basic,127.46,40,23.56,1442
2024-04-15,South,Product A,Basic,163.11,18,48.8,1443
2024-03-27,East,Product C,Standard,440.37,33,174.55,1444
2024-12-13,North,Product B,Standard,376.08,18,137.93,1445
2024-03-05,South,Product B,Premium,958.38,16,326.2,1446
2024-12-12,West,Product D,Premium,618.35,18,189.8,1447
2024-07-11,West,Product A,Basic,237.39,50,41.13,1448
2024-09-20,East,Product C,Standard,546.07,21,161.36,1449
2024-02-17,West,Product C,Premium,854.74,26,174.76,1450
2024-08-07,South,Product D,Standard,425.96,19,99.86,1451
2024-10-22,South,Product E,Standard,425.62,44,144.95,1452
2024-01-24,North,Product D,Premium,466.01,11,121.31,1453
2024-01-01,West,Product B,Basic,148.4,42,33.46,1454
2024-05-20,North,Product C,Standard,381.82,43,143.55,1455
2024-03-25,North,Product D,Basic,137.08,45,46.44,1456
2024-08-07,North,Product A,Premium,781.44,5,143.14,1457
2024-04-25,International,Product D,Premium,649.19,22,229.99,1458
2024-08-04,South,Product D,Premium,791.44,6,263.3,1459
2024-02-22,North,Product C,Standard,447.68,9,109.99,1460
2024-03-09,South,Product A,Basic,164.15,40,51.3,1461
2024-08-13,East,Product B,Basic,211.1,27,64.18,1462
2024-08-14,South,Product A,Premium,734.17,8,218.34,1463
2024-07-15,East,Product D,Standard,631.8,16,138.52,1464
2024-02-13,South,Product E,Basic,142.8,39,31.59,1465
2024-12-19,North,Product C,Premium,594.96,33,117.3,1466
2024-07-19,East,Product A,Premium,1054.63,8,221.76,1467
2024-11-22,International,Product A,Basic,146.79,1,58.23,1468
2024-06-11,South,Product D,Basic,193.95,35,62.21,1469
2024-08-29,North,Product A,Basic,128.9,17,26.29,1470
2024-01-31,West,Product E,Standard,337.53,33,115.36,1471
2024-08-04,West,Product A,Basic,185.54,40,34.91,1472
2024-02-12,East,Product A,Basic,171.44,10,48.71,1473
2024-07-19,International,Product A,Standard,599.2,47,232.7,1474
2024-05-02,North,Product B,Premium,1357.81,8,357.57,1475
2024-11-07,North,Product C,Basic,135.36,48,26.25,1476
2024-01-07,South,Product A,Premium,620.27,23,174.14,1477
2024-05-12,South,Product C,Premium,1234.45,18,411.36,1478
2024-03-01,North,Product C,Standard,356.15,5,76.83,1479
2024-10-22,North,Product D,Standard,359.57,4,98.85,1480
2024-10-17,South,Product C,Premium,597.44,7,223.18,1481
2024-12-11,North,Product B,Basic,110.9,3,40.44,1482
2024-01-07,South,Product A,Standard,282.69,10,55.05,1483
2024-01-19,International,Product D,Premium,547.9,27,207.63,1484
2024-06-12,East,Product A,Basic,187.39,33,59.65,1485
2024-01-27,South,Product B,Basic,154.0,26,25.75,1486
2024-08-26,East,Product C,Standard,349.82,30,53.17,1487
2024-04-12,East,Product E,Standard,560.14,16,148.99,1488
2024-10-29,West,Product B,Basic,169.61,49,59.19,1489
2024-03-18,North,Product D,Premium,690.48,23,213.35,1490
2024-12-21,North,Product C,Premium,689.5,25,249.77,1491
2024-06-06,North,Product B,Basic,270.7,27,73.9,1492
2024-01-31,South,Product C,Premium,432.7,15,161.97,1493
2024-09-23,West,Product C,Standard,552.88,6,163.21,1494
2024-09-15,South,Product D,Premium,891.46,4,230.66,1495
2024-03-07,South,Product C,Standard,518.26,26,168.53,1496
2024-06-16,East,Product D,Standard,449.03,13,82.63,1497
2024-10-26,North,Product B,Premium,554.24,30,126.65,1498
2024-03-02,International,Product C,Premium,813.07,30,175.83,1499
2024-03-02,North,Product B,Basic,136.94,46,44.4,1500
